[
  {
    "model": "content.page",
    "pk": 1,
    "fields": {
      "title": "Boy Ball Interview Election Officer Lose"
    }
  },
  {
    "model": "content.page",
    "pk": 2,
    "fields": {
      "title": "Surface Through Light Through Entire Glass"
    }
  },
  {
    "model": "content.page",
    "pk": 3,
    "fields": {
      "title": "Hit Heart Mention Worker Maintain Us"
    }
  },
  {
    "model": "content.page",
    "pk": 4,
    "fields": {
      "title": "Body Huge Left Item Science Someone"
    }
  },
  {
    "model": "content.page",
    "pk": 5,
    "fields": {
      "title": "Suddenly How Official Former Guy Base"
    }
  },
  {
    "model": "content.page",
    "pk": 6,
    "fields": {
      "title": "By Hand Data Garden President Machine"
    }
  },
  {
    "model": "content.page",
    "pk": 7,
    "fields": {
      "title": "Drug Point Spend Fund Concern Better"
    }
  },
  {
    "model": "content.page",
    "pk": 8,
    "fields": {
      "title": "Six Value Environment Whether Security Discover"
    }
  },
  {
    "model": "content.page",
    "pk": 9,
    "fields": {
      "title": "Analysis Page Training Every Foot Seem"
    }
  },
  {
    "model": "content.page",
    "pk": 10,
    "fields": {
      "title": "Rock Thus Represent Himself Early Newspaper"
    }
  },
  {
    "model": "content.page",
    "pk": 11,
    "fields": {
      "title": "Trial Fall Fine Coach They Fear"
    }
  },
  {
    "model": "content.page",
    "pk": 12,
    "fields": {
      "title": "Leave Adult Star Democrat Movie Again"
    }
  },
  {
    "model": "content.page",
    "pk": 13,
    "fields": {
      "title": "Phone Student Since Girl Science Artist"
    }
  },
  {
    "model": "content.page",
    "pk": 14,
    "fields": {
      "title": "Market Next Quite Exist Develop Business"
    }
  },
  {
    "model": "content.page",
    "pk": 15,
    "fields": {
      "title": "Argue Want Run Style You Sound"
    }
  },
  {
    "model": "content.page",
    "pk": 16,
    "fields": {
      "title": "Training Where Describe Try Agent Special"
    }
  },
  {
    "model": "content.page",
    "pk": 17,
    "fields": {
      "title": "Matter Together Activity Enough Around Attention"
    }
  },
  {
    "model": "content.page",
    "pk": 18,
    "fields": {
      "title": "Adult Cut Garden Safe Wish Network"
    }
  },
  {
    "model": "content.page",
    "pk": 19,
    "fields": {
      "title": "Threat Former Property Force Base Bring"
    }
  },
  {
    "model": "content.page",
    "pk": 20,
    "fields": {
      "title": "Situation The Not Even Hair Difficult"
    }
  },
  {
    "model": "content.page",
    "pk": 21,
    "fields": {
      "title": "Necessary Thing Professor Place Animal Interest"
    }
  },
  {
    "model": "content.page",
    "pk": 22,
    "fields": {
      "title": "Yes Include Support Early Already Nation"
    }
  },
  {
    "model": "content.page",
    "pk": 23,
    "fields": {
      "title": "Republican Ahead If Agreement Peace Exist"
    }
  },
  {
    "model": "content.page",
    "pk": 24,
    "fields": {
      "title": "Impact Movement But Word Soon Indeed"
    }
  },
  {
    "model": "content.page",
    "pk": 25,
    "fields": {
      "title": "Responsibility Another Industry Before Reality Bed"
    }
  },
  {
    "model": "content.page",
    "pk": 26,
    "fields": {
      "title": "Source You Hope Attack Worker Decide"
    }
  },
  {
    "model": "content.page",
    "pk": 27,
    "fields": {
      "title": "Wrong Consumer State Student Plan Easy"
    }
  },
  {
    "model": "content.page",
    "pk": 28,
    "fields": {
      "title": "Behavior Term Of Policy Range Act"
    }
  },
  {
    "model": "content.page",
    "pk": 29,
    "fields": {
      "title": "Seek Coach Behind Break Sport Than"
    }
  },
  {
    "model": "content.page",
    "pk": 30,
    "fields": {
      "title": "Dream College People Them Room Range"
    }
  },
  {
    "model": "content.page",
    "pk": 31,
    "fields": {
      "title": "New Give To Happy Model Against"
    }
  },
  {
    "model": "content.video",
    "pk": 1,
    "fields": {
      "title": "Pm Nor Tv Third Large Example",
      "counter": 0,
      "page": 1,
      "created_at": "2021-05-31T07:08:04.532Z",
      "source": "videos/file.txt",
      "subtitles": "subtitles/file.txt"
    }
  },
  {
    "model": "content.video",
    "pk": 2,
    "fields": {
      "title": "Present Pass Actually Program Notice Quickly",
      "counter": 0,
      "page": 23,
      "created_at": "2021-05-31T07:09:24.775Z",
      "source": "videos/file_XECWYDS.txt",
      "subtitles": "subtitles/file_ZWCqbkd.txt"
    }
  },
  {
    "model": "content.video",
    "pk": 3,
    "fields": {
      "title": "Bed Collection Fill Special Nice Add",
      "counter": 0,
      "page": 15,
      "created_at": "2021-05-31T07:09:24.782Z",
      "source": "videos/file_5ovkSMA.txt",
      "subtitles": "subtitles/file_0TwQxey.txt"
    }
  },
  {
    "model": "content.video",
    "pk": 4,
    "fields": {
      "title": "Practice Low Eye Know Me Return",
      "counter": 0,
      "page": 9,
      "created_at": "2021-05-31T07:09:24.786Z",
      "source": "videos/file_TtrWKVd.txt",
      "subtitles": "subtitles/file_EYJmO0A.txt"
    }
  },
  {
    "model": "content.video",
    "pk": 5,
    "fields": {
      "title": "Develop Network Worry Memory Mrs Edge",
      "counter": 0,
      "page": 21,
      "created_at": "2021-05-31T07:09:24.789Z",
      "source": "videos/file_Zw08cwD.txt",
      "subtitles": "subtitles/file_1K3GBFS.txt"
    }
  },
  {
    "model": "content.video",
    "pk": 6,
    "fields": {
      "title": "Consumer Guess From Job Prove Cell",
      "counter": 0,
      "page": 29,
      "created_at": "2021-05-31T07:09:24.792Z",
      "source": "videos/file_zndievW.txt",
      "subtitles": "subtitles/file_dHngTD8.txt"
    }
  },
  {
    "model": "content.video",
    "pk": 7,
    "fields": {
      "title": "Interesting Mr Candidate Story Knowledge Which",
      "counter": 0,
      "page": 17,
      "created_at": "2021-05-31T07:09:24.796Z",
      "source": "videos/file_mG2ftcf.txt",
      "subtitles": "subtitles/file_xadAFXw.txt"
    }
  },
  {
    "model": "content.video",
    "pk": 8,
    "fields": {
      "title": "Whole Produce Foreign College Feel Share",
      "counter": 0,
      "page": 4,
      "created_at": "2021-05-31T07:09:24.799Z",
      "source": "videos/file_v635z7t.txt",
      "subtitles": "subtitles/file_uj9Dvby.txt"
    }
  },
  {
    "model": "content.video",
    "pk": 9,
    "fields": {
      "title": "Loss Beat Entire Test Financial Hotel",
      "counter": 0,
      "page": 9,
      "created_at": "2021-05-31T07:09:24.803Z",
      "source": "videos/file_uLcCYKs.txt",
      "subtitles": "subtitles/file_ZK6MbYC.txt"
    }
  },
  {
    "model": "content.video",
    "pk": 10,
    "fields": {
      "title": "Early Court Only Light Capital Along",
      "counter": 0,
      "page": 18,
      "created_at": "2021-05-31T07:09:24.807Z",
      "source": "videos/file_TdeQQ90.txt",
      "subtitles": "subtitles/file_obzvZx0.txt"
    }
  },
  {
    "model": "content.video",
    "pk": 11,
    "fields": {
      "title": "Million Fish Single Score Officer Listen",
      "counter": 0,
      "page": 12,
      "created_at": "2021-05-31T07:09:24.810Z",
      "source": "videos/file_2TezJjK.txt",
      "subtitles": "subtitles/file_S7Rt2YS.txt"
    }
  },
  {
    "model": "content.video",
    "pk": 12,
    "fields": {
      "title": "Concern Wear Rise Half Nature News",
      "counter": 0,
      "page": 16,
      "created_at": "2021-05-31T07:09:24.813Z",
      "source": "videos/file_Sbh7Fdq.txt",
      "subtitles": "subtitles/file_XZ0I3C2.txt"
    }
  },
  {
    "model": "content.video",
    "pk": 13,
    "fields": {
      "title": "Money Prepare Few None Expert Part",
      "counter": 0,
      "page": 2,
      "created_at": "2021-05-31T07:09:24.817Z",
      "source": "videos/file_21tskGw.txt",
      "subtitles": "subtitles/file_WUbs6QR.txt"
    }
  },
  {
    "model": "content.video",
    "pk": 14,
    "fields": {
      "title": "Protect Focus Police Analysis Position Black",
      "counter": 0,
      "page": 19,
      "created_at": "2021-05-31T07:09:24.821Z",
      "source": "videos/file_kprckh6.txt",
      "subtitles": "subtitles/file_ru618GO.txt"
    }
  },
  {
    "model": "content.video",
    "pk": 15,
    "fields": {
      "title": "Represent Young Ago Event Time Increase",
      "counter": 0,
      "page": 26,
      "created_at": "2021-05-31T07:09:24.824Z",
      "source": "videos/file_6e3fht5.txt",
      "subtitles": "subtitles/file_PXITBfy.txt"
    }
  },
  {
    "model": "content.video",
    "pk": 16,
    "fields": {
      "title": "Choice Happen Way Time Board Along",
      "counter": 0,
      "page": 27,
      "created_at": "2021-05-31T07:09:24.828Z",
      "source": "videos/file_Cxiv0ym.txt",
      "subtitles": "subtitles/file_R2WxW9s.txt"
    }
  },
  {
    "model": "content.video",
    "pk": 17,
    "fields": {
      "title": "Candidate Few Outside Picture Interview Air",
      "counter": 0,
      "page": 24,
      "created_at": "2021-05-31T07:09:24.832Z",
      "source": "videos/file_7vfQT2T.txt",
      "subtitles": "subtitles/file_JdX3C5L.txt"
    }
  },
  {
    "model": "content.video",
    "pk": 18,
    "fields": {
      "title": "Buy Allow Watch Everything Away Church",
      "counter": 0,
      "page": 14,
      "created_at": "2021-05-31T07:09:24.836Z",
      "source": "videos/file_55RVVoW.txt",
      "subtitles": "subtitles/file_m9QEB9s.txt"
    }
  },
  {
    "model": "content.video",
    "pk": 19,
    "fields": {
      "title": "Administration Economy This White Campaign Evidence",
      "counter": 0,
      "page": 20,
      "created_at": "2021-05-31T07:09:24.840Z",
      "source": "videos/file_1md1XJr.txt",
      "subtitles": "subtitles/file_2diOJUi.txt"
    }
  },
  {
    "model": "content.video",
    "pk": 20,
    "fields": {
      "title": "Window Lay Nothing Author Part Stay",
      "counter": 0,
      "page": 18,
      "created_at": "2021-05-31T07:09:24.845Z",
      "source": "videos/file_VONG06u.txt",
      "subtitles": "subtitles/file_TwITQrY.txt"
    }
  },
  {
    "model": "content.video",
    "pk": 21,
    "fields": {
      "title": "Develop Other Life Table Lay Bed",
      "counter": 0,
      "page": 12,
      "created_at": "2021-05-31T07:09:24.849Z",
      "source": "videos/file_VdEPUvl.txt",
      "subtitles": "subtitles/file_EO7YO0A.txt"
    }
  },
  {
    "model": "content.video",
    "pk": 22,
    "fields": {
      "title": "Side Up Need Present At Health",
      "counter": 0,
      "page": 1,
      "created_at": "2021-05-31T07:09:24.854Z",
      "source": "videos/file_48pZmqe.txt",
      "subtitles": "subtitles/file_VYEN4Qm.txt"
    }
  },
  {
    "model": "content.video",
    "pk": 23,
    "fields": {
      "title": "Local Notice Moment Music Table Everything",
      "counter": 0,
      "page": 8,
      "created_at": "2021-05-31T07:09:24.858Z",
      "source": "videos/file_rCTrDYh.txt",
      "subtitles": "subtitles/file_JSDDKnO.txt"
    }
  },
  {
    "model": "content.video",
    "pk": 24,
    "fields": {
      "title": "Myself Ten Democrat Five Alone Admit",
      "counter": 0,
      "page": 2,
      "created_at": "2021-05-31T07:09:24.863Z",
      "source": "videos/file_hJDYT8x.txt",
      "subtitles": "subtitles/file_CeV1y3G.txt"
    }
  },
  {
    "model": "content.video",
    "pk": 25,
    "fields": {
      "title": "Mind Source Fish Floor Interesting Require",
      "counter": 0,
      "page": 13,
      "created_at": "2021-05-31T07:09:24.866Z",
      "source": "videos/file_ZMtgRNq.txt",
      "subtitles": "subtitles/file_q94rCBM.txt"
    }
  },
  {
    "model": "content.video",
    "pk": 26,
    "fields": {
      "title": "Training Ready Notice Detail Treat Represent",
      "counter": 0,
      "page": 25,
      "created_at": "2021-05-31T07:09:24.871Z",
      "source": "videos/file_N8FZzrZ.txt",
      "subtitles": "subtitles/file_78ScTS7.txt"
    }
  },
  {
    "model": "content.video",
    "pk": 27,
    "fields": {
      "title": "Network Nation Choice Wait Black Open",
      "counter": 0,
      "page": 29,
      "created_at": "2021-05-31T07:09:24.875Z",
      "source": "videos/file_aoN12NN.txt",
      "subtitles": "subtitles/file_e1i6tg7.txt"
    }
  },
  {
    "model": "content.video",
    "pk": 28,
    "fields": {
      "title": "Probably Husband Fear Decide Pm Eight",
      "counter": 0,
      "page": 9,
      "created_at": "2021-05-31T07:09:24.879Z",
      "source": "videos/file_ykDHoRL.txt",
      "subtitles": "subtitles/file_x1CGllB.txt"
    }
  },
  {
    "model": "content.video",
    "pk": 29,
    "fields": {
      "title": "Floor Reveal Week Particularly When Above",
      "counter": 0,
      "page": 5,
      "created_at": "2021-05-31T07:09:24.883Z",
      "source": "videos/file_5zagb4l.txt",
      "subtitles": "subtitles/file_5zl7Amp.txt"
    }
  },
  {
    "model": "content.video",
    "pk": 30,
    "fields": {
      "title": "Some Build Without Occur Report Air",
      "counter": 0,
      "page": 24,
      "created_at": "2021-05-31T07:09:24.887Z",
      "source": "videos/file_PXE0k1x.txt",
      "subtitles": "subtitles/file_ygNLQZm.txt"
    }
  },
  {
    "model": "content.video",
    "pk": 31,
    "fields": {
      "title": "Prove Bank Some Style Should Table",
      "counter": 0,
      "page": 4,
      "created_at": "2021-05-31T07:09:24.891Z",
      "source": "videos/file_70XxtXi.txt",
      "subtitles": "subtitles/file_fXTuo9g.txt"
    }
  },
  {
    "model": "content.audio",
    "pk": 1,
    "fields": {
      "title": "Cost Base Perhaps Parent Just Individual",
      "counter": 0,
      "page": 1,
      "created_at": "2021-05-31T07:08:04.538Z",
      "source": "audios/file.txt",
      "bit_rate": 1134531672
    }
  },
  {
    "model": "content.audio",
    "pk": 2,
    "fields": {
      "title": "Sister Describe Staff Staff Use Life",
      "counter": 0,
      "page": 22,
      "created_at": "2021-05-31T07:09:29.695Z",
      "source": "audios/file_9FheQTu.txt",
      "bit_rate": 1715786535
    }
  },
  {
    "model": "content.audio",
    "pk": 3,
    "fields": {
      "title": "More Age War Person Up Since",
      "counter": 0,
      "page": 12,
      "created_at": "2021-05-31T07:09:29.701Z",
      "source": "audios/file_BJ09tjU.txt",
      "bit_rate": 159210427
    }
  },
  {
    "model": "content.audio",
    "pk": 4,
    "fields": {
      "title": "Year Could Price To Government One",
      "counter": 0,
      "page": 11,
      "created_at": "2021-05-31T07:09:29.705Z",
      "source": "audios/file_nU9oYG3.txt",
      "bit_rate": 1185873401
    }
  },
  {
    "model": "content.audio",
    "pk": 5,
    "fields": {
      "title": "Economy Form Community Between Some Person",
      "counter": 0,
      "page": 16,
      "created_at": "2021-05-31T07:09:29.708Z",
      "source": "audios/file_n76BL3z.txt",
      "bit_rate": 69253586
    }
  },
  {
    "model": "content.audio",
    "pk": 6,
    "fields": {
      "title": "Indeed Especially Mission Law Window Improve",
      "counter": 0,
      "page": 31,
      "created_at": "2021-05-31T07:09:29.711Z",
      "source": "audios/file_R8pwPYZ.txt",
      "bit_rate": 1216013383
    }
  },
  {
    "model": "content.audio",
    "pk": 7,
    "fields": {
      "title": "Democrat Ever Mission She Yourself Heart",
      "counter": 0,
      "page": 16,
      "created_at": "2021-05-31T07:09:29.714Z",
      "source": "audios/file_HP1E38d.txt",
      "bit_rate": 69282167
    }
  },
  {
    "model": "content.audio",
    "pk": 8,
    "fields": {
      "title": "Person Stay Compare System Attack Animal",
      "counter": 0,
      "page": 29,
      "created_at": "2021-05-31T07:09:29.717Z",
      "source": "audios/file_T82vkCd.txt",
      "bit_rate": 2120217208
    }
  },
  {
    "model": "content.audio",
    "pk": 9,
    "fields": {
      "title": "By Church Section Number Prevent Magazine",
      "counter": 0,
      "page": 31,
      "created_at": "2021-05-31T07:09:29.720Z",
      "source": "audios/file_tGSKPUA.txt",
      "bit_rate": 870242460
    }
  },
  {
    "model": "content.audio",
    "pk": 10,
    "fields": {
      "title": "White Movie Parent Still Star Often",
      "counter": 0,
      "page": 12,
      "created_at": "2021-05-31T07:09:29.724Z",
      "source": "audios/file_adZxLr4.txt",
      "bit_rate": 126650490
    }
  },
  {
    "model": "content.audio",
    "pk": 11,
    "fields": {
      "title": "The Practice Wall Standard Determine Support",
      "counter": 0,
      "page": 27,
      "created_at": "2021-05-31T07:09:29.727Z",
      "source": "audios/file_SqHpfnq.txt",
      "bit_rate": 363318175
    }
  },
  {
    "model": "content.audio",
    "pk": 12,
    "fields": {
      "title": "Staff Start Hit Million Firm Role",
      "counter": 0,
      "page": 3,
      "created_at": "2021-05-31T07:09:29.730Z",
      "source": "audios/file_alhOtkl.txt",
      "bit_rate": 1443308132
    }
  },
  {
    "model": "content.audio",
    "pk": 13,
    "fields": {
      "title": "Represent Why Those Clearly Trade Say",
      "counter": 0,
      "page": 17,
      "created_at": "2021-05-31T07:09:29.733Z",
      "source": "audios/file_2aDXZfo.txt",
      "bit_rate": 1247725241
    }
  },
  {
    "model": "content.audio",
    "pk": 14,
    "fields": {
      "title": "Modern Choose Carry Behind Against Sit",
      "counter": 0,
      "page": 1,
      "created_at": "2021-05-31T07:09:29.736Z",
      "source": "audios/file_Y4KKyTl.txt",
      "bit_rate": 2025796528
    }
  },
  {
    "model": "content.audio",
    "pk": 15,
    "fields": {
      "title": "Arrive Bill Senior Unit About My",
      "counter": 0,
      "page": 4,
      "created_at": "2021-05-31T07:09:29.739Z",
      "source": "audios/file_crgDDys.txt",
      "bit_rate": 608329330
    }
  },
  {
    "model": "content.audio",
    "pk": 16,
    "fields": {
      "title": "Stage Design Society Then Tonight There",
      "counter": 0,
      "page": 27,
      "created_at": "2021-05-31T07:09:29.742Z",
      "source": "audios/file_DNdia2N.txt",
      "bit_rate": 1534583336
    }
  },
  {
    "model": "content.audio",
    "pk": 17,
    "fields": {
      "title": "Reach Least Future Door Friend Rate",
      "counter": 0,
      "page": 18,
      "created_at": "2021-05-31T07:09:29.745Z",
      "source": "audios/file_gTdYlcM.txt",
      "bit_rate": 27432494
    }
  },
  {
    "model": "content.audio",
    "pk": 18,
    "fields": {
      "title": "Just Run Pull Buy Kind Better",
      "counter": 0,
      "page": 2,
      "created_at": "2021-05-31T07:09:29.748Z",
      "source": "audios/file_TskQAxS.txt",
      "bit_rate": 1046084597
    }
  },
  {
    "model": "content.audio",
    "pk": 19,
    "fields": {
      "title": "Same Expert American It Others Everything",
      "counter": 0,
      "page": 8,
      "created_at": "2021-05-31T07:09:29.751Z",
      "source": "audios/file_fGcgaoK.txt",
      "bit_rate": 1293058350
    }
  },
  {
    "model": "content.audio",
    "pk": 20,
    "fields": {
      "title": "Water Relate American Approach Science Since",
      "counter": 0,
      "page": 26,
      "created_at": "2021-05-31T07:09:29.754Z",
      "source": "audios/file_sghOyoN.txt",
      "bit_rate": 1705066357
    }
  },
  {
    "model": "content.audio",
    "pk": 21,
    "fields": {
      "title": "Like Travel Mind Stock Surface Play",
      "counter": 0,
      "page": 29,
      "created_at": "2021-05-31T07:09:29.758Z",
      "source": "audios/file_ygyvrro.txt",
      "bit_rate": 1638850313
    }
  },
  {
    "model": "content.audio",
    "pk": 22,
    "fields": {
      "title": "Structure East Chance Day Space Study",
      "counter": 0,
      "page": 7,
      "created_at": "2021-05-31T07:09:29.761Z",
      "source": "audios/file_7jvjJwk.txt",
      "bit_rate": 1735636116
    }
  },
  {
    "model": "content.audio",
    "pk": 23,
    "fields": {
      "title": "Man Behind Fire Environment Make Since",
      "counter": 0,
      "page": 5,
      "created_at": "2021-05-31T07:09:29.764Z",
      "source": "audios/file_uYysx5P.txt",
      "bit_rate": 2034529590
    }
  },
  {
    "model": "content.audio",
    "pk": 24,
    "fields": {
      "title": "Back Tend Always Quite Require Serious",
      "counter": 0,
      "page": 5,
      "created_at": "2021-05-31T07:09:29.768Z",
      "source": "audios/file_6Pbuyyt.txt",
      "bit_rate": 123610974
    }
  },
  {
    "model": "content.audio",
    "pk": 25,
    "fields": {
      "title": "Situation Woman Old Say Four Yeah",
      "counter": 0,
      "page": 20,
      "created_at": "2021-05-31T07:09:29.771Z",
      "source": "audios/file_h5wiEVX.txt",
      "bit_rate": 1990930121
    }
  },
  {
    "model": "content.audio",
    "pk": 26,
    "fields": {
      "title": "Sport Safe Together Individual There Whole",
      "counter": 0,
      "page": 30,
      "created_at": "2021-05-31T07:09:29.776Z",
      "source": "audios/file_8n3QbLx.txt",
      "bit_rate": 1497413378
    }
  },
  {
    "model": "content.audio",
    "pk": 27,
    "fields": {
      "title": "Call Interest Since City Standard Will",
      "counter": 0,
      "page": 16,
      "created_at": "2021-05-31T07:09:29.779Z",
      "source": "audios/file_G3Ohyv8.txt",
      "bit_rate": 946324464
    }
  },
  {
    "model": "content.audio",
    "pk": 28,
    "fields": {
      "title": "Determine Trade Second Right Drug Great",
      "counter": 0,
      "page": 12,
      "created_at": "2021-05-31T07:09:29.783Z",
      "source": "audios/file_9aJpCbZ.txt",
      "bit_rate": 73546129
    }
  },
  {
    "model": "content.audio",
    "pk": 29,
    "fields": {
      "title": "Treatment Lot Stand Loss Down Major",
      "counter": 0,
      "page": 26,
      "created_at": "2021-05-31T07:09:29.786Z",
      "source": "audios/file_yHDVPtC.txt",
      "bit_rate": 57359729
    }
  },
  {
    "model": "content.audio",
    "pk": 30,
    "fields": {
      "title": "Name Each Wide Activity Police Worker",
      "counter": 0,
      "page": 20,
      "created_at": "2021-05-31T07:09:29.789Z",
      "source": "audios/file_fyyFoeV.txt",
      "bit_rate": 883875947
    }
  },
  {
    "model": "content.audio",
    "pk": 31,
    "fields": {
      "title": "Oil What Practice Enter Up Young",
      "counter": 0,
      "page": 23,
      "created_at": "2021-05-31T07:09:29.793Z",
      "source": "audios/file_xJhC9QC.txt",
      "bit_rate": 594811830
    }
  },
  {
    "model": "content.text",
    "pk": 1,
    "fields": {
      "title": "Member Can Shoulder Collection Treat Speak",
      "counter": 0,
      "page": 1,
      "created_at": "2021-05-31T07:08:04.544Z",
      "content": "Edge well and consider stand project. Ago sure hot cup move receive social.\nStage statement pretty time scientist nor. Same own at tonight."
    }
  },
  {
    "model": "content.text",
    "pk": 2,
    "fields": {
      "title": "Provide Expert Beautiful Positive Later Ahead",
      "counter": 0,
      "page": 25,
      "created_at": "2021-05-31T07:09:36.361Z",
      "content": "Many but teacher indicate firm peace get. Nothing pull each history.\nDifference strong member. Authority consider card strategy. Husband long attorney public PM role serious her."
    }
  },
  {
    "model": "content.text",
    "pk": 3,
    "fields": {
      "title": "Ok Century Pay Interest Risk Commercial",
      "counter": 0,
      "page": 30,
      "created_at": "2021-05-31T07:09:36.365Z",
      "content": "Seven director since rich past source. Simple decide suffer. Expert close religious as research bank. Team item though thing apply determine."
    }
  },
  {
    "model": "content.text",
    "pk": 4,
    "fields": {
      "title": "Middle Exactly Be Garden Firm Evening",
      "counter": 0,
      "page": 20,
      "created_at": "2021-05-31T07:09:36.368Z",
      "content": "Good force your art phone treatment. Operation record family employee side summer three than.\nRead others space fund. At position long."
    }
  },
  {
    "model": "content.text",
    "pk": 5,
    "fields": {
      "title": "Write Soon Food Knowledge Last Family",
      "counter": 0,
      "page": 7,
      "created_at": "2021-05-31T07:09:36.370Z",
      "content": "While around at above. Pass social mention movie chair."
    }
  },
  {
    "model": "content.text",
    "pk": 6,
    "fields": {
      "title": "Stage Certainly Try Nothing Trial Manage",
      "counter": 0,
      "page": 5,
      "created_at": "2021-05-31T07:09:36.372Z",
      "content": "Wait into western speak so. Property ok director. Bit interesting through guess probably. Many follow PM site.\nUse shoulder my mouth by. Board law although recognize prevent use history."
    }
  },
  {
    "model": "content.text",
    "pk": 7,
    "fields": {
      "title": "We Economic Outside Consumer Another Maybe",
      "counter": 0,
      "page": 28,
      "created_at": "2021-05-31T07:09:36.374Z",
      "content": "Certain agreement week fast article. Federal reflect well. Subject suggest agree reason this office person."
    }
  },
  {
    "model": "content.text",
    "pk": 8,
    "fields": {
      "title": "Size Light Economic Hair Common Detail",
      "counter": 0,
      "page": 7,
      "created_at": "2021-05-31T07:09:36.377Z",
      "content": "Door begin alone training. Plant theory statement machine sound piece. Friend early sing boy.\nHalf writer ask arm serve bar. Series research shake town him."
    }
  },
  {
    "model": "content.text",
    "pk": 9,
    "fields": {
      "title": "Political Available Be Measure Operation Range",
      "counter": 0,
      "page": 17,
      "created_at": "2021-05-31T07:09:36.379Z",
      "content": "Team most poor. Total cut realize approach. Sense main front form.\nOil what mouth so. Bad break do interest pick unit. Which up during follow no.\nFish view material class wish."
    }
  },
  {
    "model": "content.text",
    "pk": 10,
    "fields": {
      "title": "Eye Cut Mention Close Might Well",
      "counter": 0,
      "page": 25,
      "created_at": "2021-05-31T07:09:36.381Z",
      "content": "Level soon begin paper agent Congress may. Discuss identify figure own where rather. Democratic institution affect course son us."
    }
  },
  {
    "model": "content.text",
    "pk": 11,
    "fields": {
      "title": "Effort Find Blue Authority Full Suffer",
      "counter": 0,
      "page": 18,
      "created_at": "2021-05-31T07:09:36.384Z",
      "content": "Break head worry there. Effort reveal contain ask. Parent Mr religious project education.\nOperation range order hot indeed lay technology. Attention toward mention popular must."
    }
  },
  {
    "model": "content.text",
    "pk": 12,
    "fields": {
      "title": "Want Decision Direction Stage Continue Threat",
      "counter": 0,
      "page": 17,
      "created_at": "2021-05-31T07:09:36.386Z",
      "content": "Short necessary spring floor purpose. Everyone lead seven alone."
    }
  },
  {
    "model": "content.text",
    "pk": 13,
    "fields": {
      "title": "Car Dream Less Policy Benefit Front",
      "counter": 0,
      "page": 7,
      "created_at": "2021-05-31T07:09:36.388Z",
      "content": "Prepare rock everything Congress avoid provide. Support kitchen end church fire.\nBig sense sell information piece. Base foreign year.\nGame important major hand officer life process."
    }
  },
  {
    "model": "content.text",
    "pk": 14,
    "fields": {
      "title": "Foreign Write Poor Meeting Save Of",
      "counter": 0,
      "page": 13,
      "created_at": "2021-05-31T07:09:36.391Z",
      "content": "Improve ahead power national he away. Here film guy natural program think almost. School consumer question program director. Bag watch hospital dream Congress agent look."
    }
  },
  {
    "model": "content.text",
    "pk": 15,
    "fields": {
      "title": "Week Including Course Second Table Thing",
      "counter": 0,
      "page": 26,
      "created_at": "2021-05-31T07:09:36.393Z",
      "content": "Player let move defense tell. Big lay view thus why east music play."
    }
  },
  {
    "model": "content.text",
    "pk": 16,
    "fields": {
      "title": "Become Area Admit Make Here Election",
      "counter": 0,
      "page": 24,
      "created_at": "2021-05-31T07:09:36.395Z",
      "content": "Beautiful fact right ten I ability. Available summer away put shake. Back authority trade film story."
    }
  },
  {
    "model": "content.text",
    "pk": 17,
    "fields": {
      "title": "Animal Their Yeah Prove Own Professional",
      "counter": 0,
      "page": 2,
      "created_at": "2021-05-31T07:09:36.397Z",
      "content": "Particularly center leg lay. Effect rich question three onto force song. Month wall loss order."
    }
  },
  {
    "model": "content.text",
    "pk": 18,
    "fields": {
      "title": "Prove Account Series Once Artist Street",
      "counter": 0,
      "page": 14,
      "created_at": "2021-05-31T07:09:36.399Z",
      "content": "Generation then any ask time cell young. See time boy on media. Doctor information bag out season maintain."
    }
  },
  {
    "model": "content.text",
    "pk": 19,
    "fields": {
      "title": "Him Finish Real Above Nice Accept",
      "counter": 0,
      "page": 14,
      "created_at": "2021-05-31T07:09:36.401Z",
      "content": "Life property well public between create wonder. During hospital yeah size must meeting. Far recently number."
    }
  },
  {
    "model": "content.text",
    "pk": 20,
    "fields": {
      "title": "Record Anything Cover Money Growth Well",
      "counter": 0,
      "page": 3,
      "created_at": "2021-05-31T07:09:36.403Z",
      "content": "Lot officer affect main. Section issue trip tend. Commercial teach manage art prevent someone instead. Learn artist time assume away.\nNor break worry citizen Mrs. Approach rate for almost put."
    }
  },
  {
    "model": "content.text",
    "pk": 21,
    "fields": {
      "title": "Teacher Window Kind These Call Woman",
      "counter": 0,
      "page": 7,
      "created_at": "2021-05-31T07:09:36.405Z",
      "content": "Event do them agree economy.\nThink affect recognize off standard partner. Allow president six against. Shake imagine phone general happen however."
    }
  },
  {
    "model": "content.text",
    "pk": 22,
    "fields": {
      "title": "Single Deep Score Into Across Wait",
      "counter": 0,
      "page": 18,
      "created_at": "2021-05-31T07:09:36.407Z",
      "content": "Cause interest design able spend total international. Front which get way fall impact. Sell our choose."
    }
  },
  {
    "model": "content.text",
    "pk": 23,
    "fields": {
      "title": "Them Approach Road Son Security Nation",
      "counter": 0,
      "page": 2,
      "created_at": "2021-05-31T07:09:36.409Z",
      "content": "Mrs consider cost kitchen young different staff. Threat case school matter simply. Million traditional partner effect."
    }
  },
  {
    "model": "content.text",
    "pk": 24,
    "fields": {
      "title": "Detail Risk Study Lawyer Try Whom",
      "counter": 0,
      "page": 10,
      "created_at": "2021-05-31T07:09:36.411Z",
      "content": "Such thus democratic everyone point seem population. Drug work push stage. Phone trade government road see performance."
    }
  },
  {
    "model": "content.text",
    "pk": 25,
    "fields": {
      "title": "Along Man Spend Word Life Institution",
      "counter": 0,
      "page": 24,
      "created_at": "2021-05-31T07:09:36.413Z",
      "content": "Surface health dream leg woman house. Work herself imagine best speak response budget.\nJob cost organization join feel. Quite suddenly concern point past."
    }
  },
  {
    "model": "content.text",
    "pk": 26,
    "fields": {
      "title": "Phone Play Each Same Series Resource",
      "counter": 0,
      "page": 5,
      "created_at": "2021-05-31T07:09:36.415Z",
      "content": "Where on only key least popular wind recently. Audience common remember care should deep one."
    }
  },
  {
    "model": "content.text",
    "pk": 27,
    "fields": {
      "title": "Morning At Dream Good Will Myself",
      "counter": 0,
      "page": 25,
      "created_at": "2021-05-31T07:09:36.417Z",
      "content": "Officer magazine education woman send floor cultural. Daughter suggest clearly fact interview PM such conference."
    }
  },
  {
    "model": "content.text",
    "pk": 28,
    "fields": {
      "title": "Sure Sometimes Weight Enough Week Inside",
      "counter": 0,
      "page": 29,
      "created_at": "2021-05-31T07:09:36.419Z",
      "content": "Writer easy air education piece significant. Middle when sister game and head. Hand morning last style million."
    }
  },
  {
    "model": "content.text",
    "pk": 29,
    "fields": {
      "title": "Per Choose Science Commercial Design Skin",
      "counter": 0,
      "page": 11,
      "created_at": "2021-05-31T07:09:36.421Z",
      "content": "Suggest reason statement pay ok he. Peace suffer military such could very score.\nPerson goal administration attention similar better. List time Mrs center film simply health no."
    }
  },
  {
    "model": "content.text",
    "pk": 30,
    "fields": {
      "title": "Hotel Much Individual Help Return Commercial",
      "counter": 0,
      "page": 20,
      "created_at": "2021-05-31T07:09:36.423Z",
      "content": "Speak conference during risk call. Voice seem television protect try worry. Whose run house your just thought fish."
    }
  },
  {
    "model": "content.text",
    "pk": 31,
    "fields": {
      "title": "Necessary Sort Instead Play Listen Attention",
      "counter": 0,
      "page": 29,
      "created_at": "2021-05-31T07:09:36.425Z",
      "content": "Local financial executive measure usually. Project their street without better suggest life. Leave factor nature light run commercial outside."
    }
  }
]